{
  "type": "minecraft:crafting_shaped",
  "pattern": [
    "b  ",
    "nni",
    "nn "
  ],
  "key": {
    "b": [
      "minecraft:beacon"
    ],
    "n": [
      "minecraft:netherite_ingot"
    ],
    "i": "minecraft:rabbit_foot"
  },
  "result": {
    "id": "minecraft:prismarine_crystals",
    "components": {
      "minecraft:item_name": "Portable Beacon",
      "minecraft:item_model": "star_tech:portable_beacon_jump_boost",
      "minecraft:blocks_attacks": {
        "block_delay_seconds": 0,
        "disable_cooldown_scale": 0.4
      },
      "minecraft:lore": [
        {
          "text": "Jump Boost",
          "color": "blue",
          "italic": false
        }
      ],
      "minecraft:custom_data": {
        "portable_beacon": "jump_boost"
      }
    },
    "count": 1
  }
}